,precision,recall,f1-score,support
0,0.9054621848739496,0.7730941704035874,0.834059022738268,1115.0
1,0.9521014767133662,0.9824184411017777,0.967022401692145,5119.0
accuracy,0.9449791466153352,0.9449791466153352,0.9449791466153352,0.9449791466153352
macro avg,0.928781830793658,0.8777563057526825,0.9005407122152065,6234.0
weighted avg,0.9437596720292228,0.9449791466153352,0.9432408541250015,6234.0
