,precision,recall,f1-score,support
0,0.9574920297555791,0.9944812362030905,0.9756361667569031,906.0
1,0.9985259433962265,0.9883279836591772,0.9934007919049714,3427.0
accuracy,0.9896145857373644,0.9896145857373644,0.9896145857373644,0.9896145857373644
macro avg,0.9780089865759027,0.9914046099311338,0.9845184793309373,4333.0
weighted avg,0.9899460389977898,0.9896145857373644,0.9896863330117911,4333.0
