,precision,recall,f1-score,support
0,0.9453302961275627,0.9161147902869757,0.9304932735426009,906.0
1,0.9780028943560057,0.9859935803910126,0.9819819819819819,3427.0
accuracy,0.9713824140318486,0.9713824140318486,0.9713824140318486,0.9713824140318486
macro avg,0.9616665952417842,0.9510541853389942,0.9562376277622915,4333.0
weighted avg,0.9711712825408733,0.9713824140318486,0.9712160530998958,4333.0
