,precision,recall,f1-score,support
0,0.9560853199498118,0.683408071748879,0.797071129707113,1115.0
1,0.9350744896082398,0.9931627270951358,0.9632436528988253,5119.0
accuracy,0.9377606673083093,0.9377606673083093,0.9377606673083093,0.9377606673083093
macro avg,0.9455799047790259,0.8382853994220074,0.8801573913029692,6234.0
weighted avg,0.938832442099554,0.9377606673083093,0.9335223883241126,6234.0
