,precision,recall,f1-score,support
0,0.8344370860927153,0.6780269058295965,0.748144482929243,1115.0
1,0.9326201201201201,0.9706974018362962,0.9512778788168852,5119.0
accuracy,0.9183509785049727,0.9183509785049727,0.9183509785049727,0.9183509785049727
macro avg,0.8835286031064177,0.8243621538329463,0.8497111808730641,6234.0
weighted avg,0.9150593111787412,0.9183509785049727,0.9149458710506483,6234.0
