,precision,recall,f1-score,support
0,0.864039408866995,0.9679911699779249,0.9130661114003124,906.0
1,0.9912597950572634,0.959731543624161,0.9752409191994069,3427.0
accuracy,0.9614585737364413,0.9614585737364413,0.9614585737364413,0.9614585737364413
macro avg,0.9276496019621292,0.963861356801043,0.9441535152998597,4333.0
weighted avg,0.9646589019373965,0.9614585737364413,0.9622406016674475,4333.0
