,precision,recall,f1-score,support
0,0.9709051724137931,0.9944812362030905,0.9825517993456925,906.0
1,0.9985315712187959,0.9921213889699445,0.9953161592505855,3427.0
accuracy,0.992614816524348,0.992614816524348,0.992614816524348,0.992614816524348
macro avg,0.9847183718162945,0.9933013125865175,0.988933979298139,4333.0
weighted avg,0.9927550844158113,0.992614816524348,0.9926472208536704,4333.0
