,precision,recall,f1-score,support
0,0.9411123227917121,0.7739910313901345,0.8494094488188977,1115.0
1,0.9526048523603536,0.9894510646610666,0.9706784208509007,5119.0
accuracy,0.9509143407122232,0.9509143407122232,0.9509143407122232,0.9509143407122232
macro avg,0.9468585875760329,0.8817210480256006,0.9100439348348992,6234.0
weighted avg,0.9505493229299662,0.9509143407122232,0.9489885100687893,6234.0
