,precision,recall,f1-score,support
0,0.8948905109489051,0.5497757847533632,0.6811111111111111,1115.0
1,0.9095332492340963,0.9859347528814222,0.9461942257217848,5119.0
accuracy,0.9079242861726019,0.9079242861726019,0.9079242861726019,0.9079242861726019
macro avg,0.9022118800915007,0.7678552688173927,0.813652668416448,6234.0
weighted avg,0.9069142801631968,0.9079242861726019,0.8987820228358526,6234.0
