,precision,recall,f1-score,support
0,0.9357512953367876,0.9966887417218543,0.9652592196686264,906.0
1,0.9991092636579573,0.9819083746717245,0.9904341427520236,3427.0
accuracy,0.9849988460650819,0.9849988460650819,0.9849988460650819,0.9849988460650819
macro avg,0.9674302794973724,0.9892985581967895,0.977846681210325,4333.0
weighted avg,0.9858615555344908,0.9849988460650819,0.9851702423796355,4333.0
