,precision,recall,f1-score,support
0,0.9616204690831557,0.9955849889624724,0.9783080260303688,906.0
1,0.9988217967599411,0.9894951852932594,0.9941366168279097,3427.0
accuracy,0.9907685206554351,0.9907685206554351,0.9907685206554351,0.9907685206554351
macro avg,0.9802211329215484,0.9925400871278659,0.9862223214291392,4333.0
weighted avg,0.991043259285866,0.9907685206554351,0.9908269691790355,4333.0
