,precision,recall,f1-score,support
0,0.9495635305528612,0.8780269058295964,0.9123951537744641,1115.0
1,0.9738612339035172,0.989841765969916,0.9817864754892462,5119.0
accuracy,0.9698427975617581,0.9698427975617581,0.9698427975617581,0.9698427975617581
macro avg,0.9617123822281892,0.9339343358997563,0.9470908146318552,6234.0
weighted avg,0.9695153982865808,0.9698427975617581,0.9693752910631985,6234.0
